{
  "generatedBy": "Microsoft.NET.Sdk.Functions-3.0.3",
  "configurationSource": "attributes",
  "bindings": [
    {
      "type": "httpTrigger",
      "route": "resolveroutingproperties",
      "methods": [
        "post"
      ],
      "authLevel": "function",
      "name": "req"
    }
  ],
  "disabled": false,
  "scriptFile": "../bin/Microsoft.AzureIntegrationMigration.FunctionApp.RoutingManager.dll",
  "entryPoint": "Microsoft.AzureIntegrationMigration.FunctionApp.RoutingManager.ResolveRoutingProperties.Run"
}